mut_name,mut_escape
A:S383C,0.007531
A:K378S,0.05575
A:F374N,0.162
A:T376K,0.1844
A:T376W,0.869
A:T376Y,0.6062
A:K378A,0.09943
A:K378D,0.2771
A:K378E,0.2332
A:K378L,0.1456
A:S383D,0.185
A:S383E,0.6671
A:S383H,0.06225
A:S383I,0.2593
A:S383Y,0.3805
A:K378M,0.009253
A:S383R,0.2605
A:R408D,0.1197
A:S383P,0.007375
A:S383L,0.2409
A:K378N,0.2342
